{"0": {"position": [116.379521, 39.959261]}, "1": {"position": [116.380391, 39.952641]}, "2": {"position": [116.380833, 39.955833]}, "3": {"position": [116.381002, 39.967515]}, "4": {"position": [116.381423, 39.961745]}, "5": {"position": [116.381917, 39.966056]}, "6": {"position": [116.383998, 39.952912]}, "7": {"position": [116.384179, 39.958486]}, "8": {"position": [116.384586, 39.967627]}, "9": {"position": [116.386111, 39.955833]}, "10": {"position": [116.386414, 39.962114]}, "11": {"position": [116.387681, 39.965633]}, "12": {"position": [116.387919, 39.968931]}, "13": {"position": [116.388653, 39.952813]}, "14": {"position": [116.388708, 39.950157]}, "15": {"position": [116.389184, 39.960681]}, "16": {"position": [116.389471, 39.955811]}, "17": {"position": [116.391206, 39.960361]}, "18": {"position": [116.392148, 39.96517100000001]}, "19": {"position": [116.392827, 39.959392]}, "20": {"position": [116.393473, 39.953236]}, "21": {"position": [116.394197, 39.962555]}, "22": {"position": [116.394706, 39.966156]}, "23": {"position": [116.394732, 39.967654]}, "24": {"position": [116.395058, 39.950012]}, "25": {"position": [116.396427, 39.964955]}, "26": {"position": [116.398061, 39.963506]}, "27": {"position": [116.398581, 39.954911]}, "28": {"position": [116.399051, 39.956551]}, "29": {"position": [116.399166, 39.961944]}, "30": {"position": [116.399765, 39.959888]}, "31": {"position": [116.400466, 39.955227]}, "32": {"position": [116.400555, 39.968333]}, "33": {"position": [116.400593, 39.949837]}, "34": {"position": [116.400946, 39.964105]}, "35": {"position": [116.40138799999998, 39.951111]}, "36": {"position": [116.402222, 39.961667]}, "37": {"position": [116.402485, 39.968224]}, "38": {"position": [116.403055, 39.955833]}, "39": {"position": [116.403611, 39.961666]}, "40": {"position": [116.403611, 39.968888]}, "41": {"position": [116.403705, 39.965941]}, "42": {"position": [116.404527, 39.952212]}, "43": {"position": [116.405232, 39.956087]}, "44": {"position": [116.405277, 39.966944]}, "45": {"position": [116.405328, 39.960322]}, "46": {"position": [116.405399, 39.955178]}, "47": {"position": [116.405674, 39.959296]}, "48": {"position": [116.405711, 39.963521]}, "49": {"position": [116.406562, 39.957346]}, "50": {"position": [116.406726, 39.959708]}, "51": {"position": [116.407191, 39.960756]}, "52": {"position": [116.407405, 39.962125]}, "53": {"position": [116.408629, 39.958173]}, "54": {"position": [116.4087097, 39.96588853]}, "55": {"position": [116.409501, 39.949417]}, "56": {"position": [116.409722, 39.954444]}, "57": {"position": [116.409722, 39.956597]}, "58": {"position": [116.410457, 39.968524]}, "59": {"position": [116.410579, 39.96084000000001]}, "60": {"position": [116.411533, 39.966723]}, "61": {"position": [116.412418, 39.957641]}, "62": {"position": [116.41281200000002, 39.952122]}, "63": {"position": [116.413056, 39.955833]}, "64": {"position": [116.413458, 39.950341]}, "65": {"position": [116.414722, 39.961111]}, "66": {"position": [116.414971, 39.963511]}, "67": {"position": [116.415146, 39.968991]}, "68": {"position": [116.415441, 39.958122]}, "69": {"position": [116.416166, 39.955325]}, "70": {"position": [116.416352, 39.967606]}, "71": {"position": [116.416399, 39.950224]}, "72": {"position": [116.417252, 39.953083]}, "73": {"position": [116.417852, 39.959191]}, "74": {"position": [116.418582, 39.964059000000006]}, "75": {"position": [116.418594, 39.956668]}, "76": {"position": [116.418888, 39.968333]}}