{"gtw_0": {"position": [116.42059673800367, 39.802619560664084]}, "gtw_1": {"position": [116.3928432842765, 39.994746891131086]}, "gtw_2": {"position": [116.33532304007961, 39.940166569273025]}, "gtw_3": {"position": [116.45486017042802, 39.928770314357976]}, "gtw_4": {"position": [116.28957432368036, 39.86187250056126]}, "gtw_5": {"position": [116.46648488578431, 39.88518966421569]}, "gtw_6": {"position": [116.2601167155727, 39.9945145155528]}, "gtw_7": {"position": [116.34853714141066, 39.837182317330864]}, "gtw_8": {"position": [116.36634995189867, 39.904791877092364]}, "gtw_9": {"position": [116.27325988783622, 39.80657069423637]}, "gtw_10": {"position": [116.48141168439024, 39.98023906487805]}, "gtw_11": {"position": [116.29942341832944, 39.96699579297317]}, "gtw_12": {"position": [116.45608050520833, 39.841823796875]}, "gtw_13": {"position": [116.50850899380953, 39.92437617190476]}, "gtw_14": {"position": [116.34004658342937, 39.781227266937364]}, "gtw_15": {"position": [116.40154468862107, 39.850883963735264]}, "gtw_16": {"position": [116.3356641386976, 39.995223640695045]}, "gtw_17": {"position": [116.40897456756471, 39.94439040360442]}, "gtw_18": {"position": [116.24079675008312, 39.87872627334311]}, "gtw_19": {"position": [116.43478217078652, 39.984936523370784]}, "gtw_20": {"position": [116.51159107954545, 39.858653238636364]}, "gtw_21": {"position": [116.29105440662728, 39.91224728602024]}, "gtw_22": {"position": [116.3364392221636, 39.885442274167104]}, "gtw_23": {"position": [116.41951466195218, 39.89949785328655]}, "gtw_24": {"position": [116.36813974672972, 39.9638219012127]}, "gtw_25": {"position": [116.24816027047567, 39.93889172493441]}}